ID,datetime,filename,class
01minha_art,2020-12-22T11_04_10_000Z,01minha_art`2020-12-22T11_04_10_000Z.png,0
01minha_art,2020-12-22T14_20_28_000Z,01minha_art`2020-12-22T14_20_28_000Z.png,0
0ki0h,2020-12-21T16_19_48_000Z,0ki0h`2020-12-21T16_19_48_000Z.png,0
0ki0h,2020-12-21T16_26_30_000Z,0ki0h`2020-12-21T16_26_30_000Z.png,0
0ki0h,2020-12-21T18_07_25_000Z,0ki0h`2020-12-21T18_07_25_000Z.png,0
0ki0h,2020-12-22T04_25_16_000Z,0ki0h`2020-12-22T04_25_16_000Z.png,0
0ki0h,2020-12-22T10_47_23_000Z,0ki0h`2020-12-22T10_47_23_000Z.png,0
0ki0h,2020-12-22T10_50_41_000Z,0ki0h`2020-12-22T10_50_41_000Z.png,0
1_ran.thanx,2020-12-21T15_04_17_000Z,1_ran.thanx`2020-12-21T15_04_17_000Z.png,0
1_ran.thanx,2020-12-21T15_39_48_000Z,1_ran.thanx`2020-12-21T15_39_48_000Z.png,0
1_ran.thanx,2020-12-22T11_35_03_000Z,1_ran.thanx`2020-12-22T11_35_03_000Z.png,0
1_ran.thanx,2020-12-22T11_47_55_000Z,1_ran.thanx`2020-12-22T11_47_55_000Z.png,0
2v2_2v2,2020-12-22T07_46_54_000Z,2v2_2v2`2020-12-22T07_46_54_000Z.png,0
2v2_2v2,2020-12-22T08_00_50_000Z,2v2_2v2`2020-12-22T08_00_50_000Z.png,1
2v2_2v2,2020-12-22T08_40_49_000Z,2v2_2v2`2020-12-22T08_40_49_000Z.png,0
2v2_2v2,2020-12-22T11_28_23_000Z,2v2_2v2`2020-12-22T11_28_23_000Z.png,0
2v2_2v2,2020-12-22T11_34_22_000Z,2v2_2v2`2020-12-22T11_34_22_000Z.png,0
2v2_2v2,2020-12-22T12_30_37_000Z,2v2_2v2`2020-12-22T12_30_37_000Z.png,0
2v2_2v2,2020-12-22T12_40_41_000Z,2v2_2v2`2020-12-22T12_40_41_000Z.png,0
2v2_2v2,2020-12-22T13_15_53_000Z,2v2_2v2`2020-12-22T13_15_53_000Z.png,0
2v2_2v2,2020-12-22T13_23_51_000Z,2v2_2v2`2020-12-22T13_23_51_000Z.png,0
2v2_2v2,2020-12-22T13_29_21_000Z,2v2_2v2`2020-12-22T13_29_21_000Z.png,0
31ioa_12,2020-12-22T01_38_18_000Z,31ioa_12`2020-12-22T01_38_18_000Z.png,0
31ioa_12,2020-12-22T10_49_13_000Z,31ioa_12`2020-12-22T10_49_13_000Z.png,0
333cyj333,2020-12-21T23_26_13_000Z,333cyj333`2020-12-21T23_26_13_000Z.png,0
333cyj333,2020-12-22T00_50_15_000Z,333cyj333`2020-12-22T00_50_15_000Z.png,0
adino1994,2020-12-22T12_26_05_000Z,adino1994`2020-12-22T12_26_05_000Z.png,0
adino1994,2020-12-22T12_26_06_000Z,adino1994`2020-12-22T12_26_06_000Z.png,0
ahsy_u,2020-12-22T08_31_39_000Z,ahsy_u`2020-12-22T08_31_39_000Z.png,0
ahsy_u,2020-12-22T09_05_13_000Z,ahsy_u`2020-12-22T09_05_13_000Z.png,0
ahsy_u,2020-12-22T09_47_23_000Z,ahsy_u`2020-12-22T09_47_23_000Z.png,0
ahsy_u,2020-12-22T13_32_46_000Z,ahsy_u`2020-12-22T13_32_46_000Z.png,0
ahsy_u,2020-12-22T14_10_11_000Z,ahsy_u`2020-12-22T14_10_11_000Z.png,0
ahsy_u,2020-12-22T14_11_34_000Z,ahsy_u`2020-12-22T14_11_34_000Z.png,0
all_zero._.k,2020-12-21T16_32_45_000Z,all_zero._.k`2020-12-21T16_32_45_000Z.png,0
all_zero._.k,2020-12-21T18_22_52_000Z,all_zero._.k`2020-12-21T18_22_52_000Z.png,0
all_zero._.k,2020-12-22T04_03_15_000Z,all_zero._.k`2020-12-22T04_03_15_000Z.png,0
all_zero._.k,2020-12-22T04_54_20_000Z,all_zero._.k`2020-12-22T04_54_20_000Z.png,0
all_zero._.k,2020-12-22T07_17_14_000Z,all_zero._.k`2020-12-22T07_17_14_000Z.png,0
all_zero._.k,2020-12-22T09_51_52_000Z,all_zero._.k`2020-12-22T09_51_52_000Z.png,0
all_zero._.k,2020-12-22T11_37_56_000Z,all_zero._.k`2020-12-22T11_37_56_000Z.png,0
am01.30,2020-12-22T02_50_24_000Z,am01.30`2020-12-22T02_50_24_000Z.png,0
am01.30,2020-12-22T02_56_14_000Z,am01.30`2020-12-22T02_56_14_000Z.png,0
am01.30,2020-12-22T03_01_37_000Z,am01.30`2020-12-22T03_01_37_000Z.png,0
am01.30,2020-12-22T08_27_36_000Z,am01.30`2020-12-22T08_27_36_000Z.png,0
am01.30,2020-12-22T09_30_13_000Z,am01.30`2020-12-22T09_30_13_000Z.png,0
am01.30,2020-12-22T09_33_22_000Z,am01.30`2020-12-22T09_33_22_000Z.png,0
am01.30,2020-12-22T10_12_17_000Z,am01.30`2020-12-22T10_12_17_000Z.png,0
am01.30,2020-12-22T11_34_08_000Z,am01.30`2020-12-22T11_34_08_000Z.png,0
am01.30,2020-12-22T11_50_18_000Z,am01.30`2020-12-22T11_50_18_000Z.png,0
am01.30,2020-12-22T11_59_48_000Z,am01.30`2020-12-22T11_59_48_000Z.png,0
am01.30,2020-12-22T12_32_31_000Z,am01.30`2020-12-22T12_32_31_000Z.png,0
am01.30,2020-12-22T14_27_24_000Z,am01.30`2020-12-22T14_27_24_000Z.png,0
ayoung__s2,2020-12-22T09_17_16_000Z,ayoung__s2`2020-12-22T09_17_16_000Z.png,0
bassagong_,2020-12-21T19_18_12_000Z,bassagong_`2020-12-21T19_18_12_000Z.png,0
bassagong_,2020-12-22T06_40_42_000Z,bassagong_`2020-12-22T06_40_42_000Z.png,0
bassagong_,2020-12-22T06_40_59_000Z,bassagong_`2020-12-22T06_40_59_000Z.png,0
bassagong_,2020-12-22T09_25_20_000Z,bassagong_`2020-12-22T09_25_20_000Z.png,0
bassagong_,2020-12-22T09_25_41_000Z,bassagong_`2020-12-22T09_25_41_000Z.png,0
bassagong_,2020-12-22T11_07_09_000Z,bassagong_`2020-12-22T11_07_09_000Z.png,0
bemy_rin,2020-12-22T01_19_12_000Z,bemy_rin`2020-12-22T01_19_12_000Z.png,0
bemy_rin,2020-12-22T07_58_21_000Z,bemy_rin`2020-12-22T07_58_21_000Z.png,0
bignaughtyboi,2020-12-22T02_30_14_000Z,bignaughtyboi`2020-12-22T02_30_14_000Z.png,1
bignaughtyboi,2020-12-22T03_19_34_000Z,bignaughtyboi`2020-12-22T03_19_34_000Z.png,1
bignaughtyboi,2020-12-22T13_36_11_000Z,bignaughtyboi`2020-12-22T13_36_11_000Z.png,1
bigoneisthename,2020-12-22T12_54_14_000Z,bigoneisthename`2020-12-22T12_54_14_000Z.png,0
chachamalone,2020-12-21T17_40_42_000Z,chachamalone`2020-12-21T17_40_42_000Z.png,0
chachamalone,2020-12-22T03_29_24_000Z,chachamalone`2020-12-22T03_29_24_000Z.png,0
chachamalone,2020-12-22T06_05_41_000Z,chachamalone`2020-12-22T06_05_41_000Z.png,0
chaevely___,2020-12-21T15_00_39_000Z,chaevely___`2020-12-21T15_00_39_000Z.png,0
chaevely___,2020-12-21T16_36_31_000Z,chaevely___`2020-12-21T16_36_31_000Z.png,0
chaevely___,2020-12-22T03_31_28_000Z,chaevely___`2020-12-22T03_31_28_000Z.png,0
chaevely___,2020-12-22T05_40_44_000Z,chaevely___`2020-12-22T05_40_44_000Z.png,0
changmo_,2020-12-21T17_40_59_000Z,changmo_`2020-12-21T17_40_59_000Z.png,0
changmo_,2020-12-21T17_44_23_000Z,changmo_`2020-12-21T17_44_23_000Z.png,0
changmo_,2020-12-22T12_28_15_000Z,changmo_`2020-12-22T12_28_15_000Z.png,0
changmo_,2020-12-22T14_33_28_000Z,changmo_`2020-12-22T14_33_28_000Z.png,0
cherryquiri,2020-12-21T15_50_03_000Z,cherryquiri`2020-12-21T15_50_03_000Z.png,0
cherryquiri,2020-12-22T03_37_44_000Z,cherryquiri`2020-12-22T03_37_44_000Z.png,0
cherryquiri,2020-12-22T03_53_06_000Z,cherryquiri`2020-12-22T03_53_06_000Z.png,0
cherryquiri,2020-12-22T07_25_57_000Z,cherryquiri`2020-12-22T07_25_57_000Z.png,0
cherryquiri,2020-12-22T09_09_49_000Z,cherryquiri`2020-12-22T09_09_49_000Z.png,0
cherryquiri,2020-12-22T09_25_24_000Z,cherryquiri`2020-12-22T09_25_24_000Z.png,0
cherryquiri,2020-12-22T09_36_14_000Z,cherryquiri`2020-12-22T09_36_14_000Z.png,0
cherryquiri,2020-12-22T11_11_54_000Z,cherryquiri`2020-12-22T11_11_54_000Z.png,0
cherryquiri,2020-12-22T11_51_17_000Z,cherryquiri`2020-12-22T11_51_17_000Z.png,0
ci_cc_i,2020-12-22T14_11_31_000Z,ci_cc_i`2020-12-22T14_11_31_000Z.png,0
code_kunst,2020-12-22T11_08_37_000Z,code_kunst`2020-12-22T11_08_37_000Z.png,0
code_kunst,2020-12-22T11_09_06_000Z,code_kunst`2020-12-22T11_09_06_000Z.png,0
code_kunst,2020-12-22T11_10_25_000Z,code_kunst`2020-12-22T11_10_25_000Z.png,0
code_kunst,2020-12-22T11_10_49_000Z,code_kunst`2020-12-22T11_10_49_000Z.png,0
code_kunst,2020-12-22T11_11_16_000Z,code_kunst`2020-12-22T11_11_16_000Z.png,0
code_kunst,2020-12-22T11_26_07_000Z,code_kunst`2020-12-22T11_26_07_000Z.png,0
code_kunst,2020-12-22T12_03_02_000Z,code_kunst`2020-12-22T12_03_02_000Z.png,0
code_kunst,2020-12-22T13_12_13_000Z,code_kunst`2020-12-22T13_12_13_000Z.png,0
code_name_junna,2020-12-22T08_22_38_000Z,code_name_junna`2020-12-22T08_22_38_000Z.png,0
code_name_junna,2020-12-22T14_36_07_000Z,code_name_junna`2020-12-22T14_36_07_000Z.png,0
comme_de_x,2020-12-22T01_42_10_000Z,comme_de_x`2020-12-22T01_42_10_000Z.png,0
comme_de_x,2020-12-22T01_49_13_000Z,comme_de_x`2020-12-22T01_49_13_000Z.png,0
dbo0dbo,2020-12-21T22_43_31_000Z,dbo0dbo`2020-12-21T22_43_31_000Z.png,0
dbo0dbo,2020-12-22T01_14_50_000Z,dbo0dbo`2020-12-22T01_14_50_000Z.png,0
dbo0dbo,2020-12-22T01_16_25_000Z,dbo0dbo`2020-12-22T01_16_25_000Z.png,0
dbo0dbo,2020-12-22T03_11_41_000Z,dbo0dbo`2020-12-22T03_11_41_000Z.png,0
dbo0dbo,2020-12-22T05_32_48_000Z,dbo0dbo`2020-12-22T05_32_48_000Z.png,0
dbo0dbo,2020-12-22T06_33_45_000Z,dbo0dbo`2020-12-22T06_33_45_000Z.png,0
dbo0dbo,2020-12-22T07_32_39_000Z,dbo0dbo`2020-12-22T07_32_39_000Z.png,0
dbo0dbo,2020-12-22T13_00_21_000Z,dbo0dbo`2020-12-22T13_00_21_000Z.png,0
def.cnvs,2020-12-22T05_00_52_000Z,def.cnvs`2020-12-22T05_00_52_000Z.png,0
diveintoyourocean,2020-12-22T05_07_01_000Z,diveintoyourocean`2020-12-22T05_07_01_000Z.png,0
diveintoyourocean,2020-12-22T07_24_01_000Z,diveintoyourocean`2020-12-22T07_24_01_000Z.png,0
diveintoyourocean,2020-12-22T09_47_41_000Z,diveintoyourocean`2020-12-22T09_47_41_000Z.png,0
diveintoyourocean,2020-12-22T10_16_10_000Z,diveintoyourocean`2020-12-22T10_16_10_000Z.png,0
diveintoyourocean,2020-12-22T10_18_42_000Z,diveintoyourocean`2020-12-22T10_18_42_000Z.png,0
diveintoyourocean,2020-12-22T10_21_03_000Z,diveintoyourocean`2020-12-22T10_21_03_000Z.png,0
diveintoyourocean,2020-12-22T11_07_54_000Z,diveintoyourocean`2020-12-22T11_07_54_000Z.png,0
diveintoyourocean,2020-12-22T13_08_32_000Z,diveintoyourocean`2020-12-22T13_08_32_000Z.png,0
djwegun,2020-12-22T04_12_12_000Z,djwegun`2020-12-22T04_12_12_000Z.png,0
dprcream,2020-12-22T09_41_12_000Z,dprcream`2020-12-22T09_41_12_000Z.png,1
dprcream,2020-12-22T09_44_12_000Z,dprcream`2020-12-22T09_44_12_000Z.png,0
dprlive,2020-12-22T09_29_26_000Z,dprlive`2020-12-22T09_29_26_000Z.png,0
dselcozyboy,2020-12-21T19_51_03_000Z,dselcozyboy`2020-12-21T19_51_03_000Z.png,0
dselcozyboy,2020-12-21T19_51_46_000Z,dselcozyboy`2020-12-21T19_51_46_000Z.png,0
dselcozyboy,2020-12-21T19_53_18_000Z,dselcozyboy`2020-12-21T19_53_18_000Z.png,0
dselcozyboy,2020-12-22T11_52_59_000Z,dselcozyboy`2020-12-22T11_52_59_000Z.png,0
dselcozyboy,2020-12-22T13_06_20_000Z,dselcozyboy`2020-12-22T13_06_20_000Z.png,0
dselcozyboy,2020-12-22T13_06_33_000Z,dselcozyboy`2020-12-22T13_06_33_000Z.png,0
dull_ouuo,2020-12-22T00_22_36_000Z,dull_ouuo`2020-12-22T00_22_36_000Z.png,0
dull_ouuo,2020-12-22T12_01_28_000Z,dull_ouuo`2020-12-22T12_01_28_000Z.png,0
eun.z1_,2020-12-22T10_21_06_000Z,eun.z1_`2020-12-22T10_21_06_000Z.png,0
eun.z1_,2020-12-22T12_04_41_000Z,eun.z1_`2020-12-22T12_04_41_000Z.png,0
eun_a_0521,2020-12-22T04_18_14_000Z,eun_a_0521`2020-12-22T04_18_14_000Z.png,0
eun_a_0521,2020-12-22T10_17_02_000Z,eun_a_0521`2020-12-22T10_17_02_000Z.png,0
eun_a_0521,2020-12-22T10_17_17_000Z,eun_a_0521`2020-12-22T10_17_17_000Z.png,0
e_vyyn,2020-12-22T11_48_31_000Z,e_vyyn`2020-12-22T11_48_31_000Z.png,0
fxxk__m_e_,2020-12-21T16_27_33_000Z,fxxk__m_e_`2020-12-21T16_27_33_000Z.png,0
fxxk__m_e_,2020-12-22T00_43_07_000Z,fxxk__m_e_`2020-12-22T00_43_07_000Z.png,0
fxxk__m_e_,2020-12-22T03_56_14_000Z,fxxk__m_e_`2020-12-22T03_56_14_000Z.png,0
fxxk__m_e_,2020-12-22T12_56_36_000Z,fxxk__m_e_`2020-12-22T12_56_36_000Z.png,0
gkruddll,2020-12-21T18_03_38_000Z,gkruddll`2020-12-21T18_03_38_000Z.png,0
gkruddll,2020-12-21T18_30_05_000Z,gkruddll`2020-12-21T18_30_05_000Z.png,0
gkruddll,2020-12-21T18_30_40_000Z,gkruddll`2020-12-21T18_30_40_000Z.png,0
gkruddll,2020-12-21T18_31_36_000Z,gkruddll`2020-12-21T18_31_36_000Z.png,0
gkruddll,2020-12-21T18_37_30_000Z,gkruddll`2020-12-21T18_37_30_000Z.png,0
gkruddll,2020-12-21T18_44_01_000Z,gkruddll`2020-12-21T18_44_01_000Z.png,0
gkruddll,2020-12-22T07_56_48_000Z,gkruddll`2020-12-22T07_56_48_000Z.png,0
gkruddll,2020-12-22T07_57_21_000Z,gkruddll`2020-12-22T07_57_21_000Z.png,0
gkruddll,2020-12-22T07_58_14_000Z,gkruddll`2020-12-22T07_58_14_000Z.png,0
gkruddll,2020-12-22T07_59_27_000Z,gkruddll`2020-12-22T07_59_27_000Z.png,0
gkruddll,2020-12-22T08_00_03_000Z,gkruddll`2020-12-22T08_00_03_000Z.png,0
gkruddll,2020-12-22T08_01_11_000Z,gkruddll`2020-12-22T08_01_11_000Z.png,0
gkruddll,2020-12-22T08_01_42_000Z,gkruddll`2020-12-22T08_01_42_000Z.png,0
gkruddll,2020-12-22T08_02_23_000Z,gkruddll`2020-12-22T08_02_23_000Z.png,0
gkruddll,2020-12-22T08_04_11_000Z,gkruddll`2020-12-22T08_04_11_000Z.png,0
gkruddll,2020-12-22T08_05_02_000Z,gkruddll`2020-12-22T08_05_02_000Z.png,0
gkruddll,2020-12-22T08_05_23_000Z,gkruddll`2020-12-22T08_05_23_000Z.png,0
gkruddll,2020-12-22T08_05_40_000Z,gkruddll`2020-12-22T08_05_40_000Z.png,0
gkruddll,2020-12-22T10_06_41_000Z,gkruddll`2020-12-22T10_06_41_000Z.png,0
gkruddll,2020-12-22T13_32_36_000Z,gkruddll`2020-12-22T13_32_36_000Z.png,0
gkruddll,2020-12-22T13_33_27_000Z,gkruddll`2020-12-22T13_33_27_000Z.png,0
gkruddll,2020-12-22T13_34_00_000Z,gkruddll`2020-12-22T13_34_00_000Z.png,0
gkruddll,2020-12-22T13_34_34_000Z,gkruddll`2020-12-22T13_34_34_000Z.png,0
gkruddll,2020-12-22T13_34_53_000Z,gkruddll`2020-12-22T13_34_53_000Z.png,0
gkruddll,2020-12-22T13_35_36_000Z,gkruddll`2020-12-22T13_35_36_000Z.png,0
gkruddll,2020-12-22T13_36_25_000Z,gkruddll`2020-12-22T13_36_25_000Z.png,0
gkruddll,2020-12-22T13_46_36_000Z,gkruddll`2020-12-22T13_46_36_000Z.png,0
gngz_kvn_sky,2020-12-21T17_55_12_000Z,gngz_kvn_sky`2020-12-21T17_55_12_000Z.png,0
gngz_kvn_sky,2020-12-21T18_04_14_000Z,gngz_kvn_sky`2020-12-21T18_04_14_000Z.png,0
gngz_kvn_sky,2020-12-22T06_24_28_000Z,gngz_kvn_sky`2020-12-22T06_24_28_000Z.png,0
gngz_kvn_sky,2020-12-22T06_37_29_000Z,gngz_kvn_sky`2020-12-22T06_37_29_000Z.png,0
gngz_kvn_sky,2020-12-22T06_39_27_000Z,gngz_kvn_sky`2020-12-22T06_39_27_000Z.png,0
gngz_kvn_sky,2020-12-22T09_25_22_000Z,gngz_kvn_sky`2020-12-22T09_25_22_000Z.png,0
goosebumpstrack,2020-12-21T16_16_40_000Z,goosebumpstrack`2020-12-21T16_16_40_000Z.png,0
goosebumpstrack,2020-12-22T12_36_12_000Z,goosebumpstrack`2020-12-22T12_36_12_000Z.png,5
goosebumpstrack,2020-12-22T13_20_07_000Z,goosebumpstrack`2020-12-22T13_20_07_000Z.png,1
goosebumpstrack,2020-12-22T13_40_05_000Z,goosebumpstrack`2020-12-22T13_40_05_000Z.png,0
h1ghrmusic,2020-12-22T04_29_53_000Z,h1ghrmusic`2020-12-22T04_29_53_000Z.png,0
h1ghrmusic,2020-12-22T09_18_37_000Z,h1ghrmusic`2020-12-22T09_18_37_000Z.png,0
ham._.cheeze,2020-12-22T14_03_17_000Z,ham._.cheeze`2020-12-22T14_03_17_000Z.png,0
hangzoo,2020-12-22T04_20_24_000Z,hangzoo`2020-12-22T04_20_24_000Z.png,1
hangzoo,2020-12-22T04_54_19_000Z,hangzoo`2020-12-22T04_54_19_000Z.png,1
heizeheize,2020-12-22T07_49_18_000Z,heizeheize`2020-12-22T07_49_18_000Z.png,0
heizeheize,2020-12-22T10_45_37_000Z,heizeheize`2020-12-22T10_45_37_000Z.png,0
hiolnl,2020-12-22T01_15_49_000Z,hiolnl`2020-12-22T01_15_49_000Z.png,2
hiolnl,2020-12-22T01_26_49_000Z,hiolnl`2020-12-22T01_26_49_000Z.png,0
hiolnl,2020-12-22T01_28_32_000Z,hiolnl`2020-12-22T01_28_32_000Z.png,1
hiolnl,2020-12-22T01_43_04_000Z,hiolnl`2020-12-22T01_43_04_000Z.png,0
hiolnl,2020-12-22T01_43_54_000Z,hiolnl`2020-12-22T01_43_54_000Z.png,0
hiolnl,2020-12-22T08_01_56_000Z,hiolnl`2020-12-22T08_01_56_000Z.png,0
hiphople,2020-12-21T15_16_24_000Z,hiphople`2020-12-21T15_16_24_000Z.png,0
hiphople,2020-12-22T07_38_50_000Z,hiphople`2020-12-22T07_38_50_000Z.png,0
hiphopplaya,2020-12-22T01_38_35_000Z,hiphopplaya`2020-12-22T01_38_35_000Z.png,0
hiphopplaya,2020-12-22T01_54_49_000Z,hiphopplaya`2020-12-22T01_54_49_000Z.png,0
hiphopplaya,2020-12-22T11_19_27_000Z,hiphopplaya`2020-12-22T11_19_27_000Z.png,0
hiphopplaya,2020-12-22T11_19_40_000Z,hiphopplaya`2020-12-22T11_19_40_000Z.png,0
hiphopplaya,2020-12-22T11_37_25_000Z,hiphopplaya`2020-12-22T11_37_25_000Z.png,0
hoodykim,2020-12-22T09_14_02_000Z,hoodykim`2020-12-22T09_14_02_000Z.png,0
huckleberryp84,2020-12-21T17_21_43_000Z,huckleberryp84`2020-12-21T17_21_43_000Z.png,0
huckleberryp84,2020-12-21T18_49_46_000Z,huckleberryp84`2020-12-21T18_49_46_000Z.png,0
huckleberryp84,2020-12-21T18_50_39_000Z,huckleberryp84`2020-12-21T18_50_39_000Z.png,0
huckleberryp84,2020-12-21T18_51_40_000Z,huckleberryp84`2020-12-21T18_51_40_000Z.png,0
huckleberryp84,2020-12-21T19_25_43_000Z,huckleberryp84`2020-12-21T19_25_43_000Z.png,0
huckleberryp84,2020-12-21T20_01_24_000Z,huckleberryp84`2020-12-21T20_01_24_000Z.png,0
huckleberryp84,2020-12-22T07_19_42_000Z,huckleberryp84`2020-12-22T07_19_42_000Z.png,0
huckleberryp84,2020-12-22T08_41_22_000Z,huckleberryp84`2020-12-22T08_41_22_000Z.png,0
huckleberryp84,2020-12-22T09_21_44_000Z,huckleberryp84`2020-12-22T09_21_44_000Z.png,0
huckleberryp84,2020-12-22T09_27_40_000Z,huckleberryp84`2020-12-22T09_27_40_000Z.png,4
huckleberryp84,2020-12-22T11_46_54_000Z,huckleberryp84`2020-12-22T11_46_54_000Z.png,0
huckleberryp84,2020-12-22T12_00_39_000Z,huckleberryp84`2020-12-22T12_00_39_000Z.png,0
huckleberryp84,2020-12-22T12_03_27_000Z,huckleberryp84`2020-12-22T12_03_27_000Z.png,0
huckleberryp84,2020-12-22T13_01_00_000Z,huckleberryp84`2020-12-22T13_01_00_000Z.png,0
huckleberryp84,2020-12-22T14_05_27_000Z,huckleberryp84`2020-12-22T14_05_27_000Z.png,0
huckleberryp84,2020-12-22T14_12_45_000Z,huckleberryp84`2020-12-22T14_12_45_000Z.png,0
hwa___ya,2020-12-22T03_59_07_000Z,hwa___ya`2020-12-22T03_59_07_000Z.png,0
hwa___ya,2020-12-22T05_36_57_000Z,hwa___ya`2020-12-22T05_36_57_000Z.png,0
hwa___ya,2020-12-22T06_08_02_000Z,hwa___ya`2020-12-22T06_08_02_000Z.png,0
hwa___ya,2020-12-22T10_30_04_000Z,hwa___ya`2020-12-22T10_30_04_000Z.png,0
hwa___ya,2020-12-22T11_17_02_000Z,hwa___ya`2020-12-22T11_17_02_000Z.png,0
hwa___ya,2020-12-22T13_40_12_000Z,hwa___ya`2020-12-22T13_40_12_000Z.png,0
hwa___ya,2020-12-22T14_02_51_000Z,hwa___ya`2020-12-22T14_02_51_000Z.png,0
hyerinn1220,2020-12-22T04_37_04_000Z,hyerinn1220`2020-12-22T04_37_04_000Z.png,0
hyerinn1220,2020-12-22T11_53_04_000Z,hyerinn1220`2020-12-22T11_53_04_000Z.png,0
hyerinn1220,2020-12-22T12_12_48_000Z,hyerinn1220`2020-12-22T12_12_48_000Z.png,0
hyerinn1220,2020-12-22T13_53_00_000Z,hyerinn1220`2020-12-22T13_53_00_000Z.png,0
hyo._.jin23,2020-12-21T15_12_37_000Z,hyo._.jin23`2020-12-21T15_12_37_000Z.png,0
hyo._.jin23,2020-12-21T15_23_58_000Z,hyo._.jin23`2020-12-21T15_23_58_000Z.png,0
hyo._.jin23,2020-12-22T03_36_39_000Z,hyo._.jin23`2020-12-22T03_36_39_000Z.png,0
hyo._.jin23,2020-12-22T08_16_16_000Z,hyo._.jin23`2020-12-22T08_16_16_000Z.png,0
hyo._.jin23,2020-12-22T08_38_38_000Z,hyo._.jin23`2020-12-22T08_38_38_000Z.png,0
hyo._.jin23,2020-12-22T08_39_15_000Z,hyo._.jin23`2020-12-22T08_39_15_000Z.png,0
hyo._.jin23,2020-12-22T10_14_54_000Z,hyo._.jin23`2020-12-22T10_14_54_000Z.png,0
hyo._.jin23,2020-12-22T12_15_08_000Z,hyo._.jin23`2020-12-22T12_15_08_000Z.png,0
hyo._.jin23,2020-12-22T12_15_09_000Z,hyo._.jin23`2020-12-22T12_15_09_000Z.png,0
hyori030,2020-12-22T10_44_14_000Z,hyori030`2020-12-22T10_44_14_000Z.png,0
i.am.zoo,2020-12-22T13_41_04_000Z,i.am.zoo`2020-12-22T13_41_04_000Z.png,0
itsjustswings,2020-12-21T15_20_08_000Z,itsjustswings`2020-12-21T15_20_08_000Z.png,0
itsjustswings,2020-12-21T17_14_33_000Z,itsjustswings`2020-12-21T17_14_33_000Z.png,0
itsjustswings,2020-12-21T17_37_57_000Z,itsjustswings`2020-12-21T17_37_57_000Z.png,0
itsjustswings,2020-12-22T02_12_35_000Z,itsjustswings`2020-12-22T02_12_35_000Z.png,0
itsjustswings,2020-12-22T04_08_24_000Z,itsjustswings`2020-12-22T04_08_24_000Z.png,0
itsjustswings,2020-12-22T04_14_20_000Z,itsjustswings`2020-12-22T04_14_20_000Z.png,0
itsjustswings,2020-12-22T08_43_14_000Z,itsjustswings`2020-12-22T08_43_14_000Z.png,0
itsjustswings,2020-12-22T08_44_26_000Z,itsjustswings`2020-12-22T08_44_26_000Z.png,3
itsjustswings,2020-12-22T08_59_28_000Z,itsjustswings`2020-12-22T08_59_28_000Z.png,0
itsjustswings,2020-12-22T09_11_45_000Z,itsjustswings`2020-12-22T09_11_45_000Z.png,0
itsjustswings,2020-12-22T09_31_47_000Z,itsjustswings`2020-12-22T09_31_47_000Z.png,0
itsjustswings,2020-12-22T11_36_07_000Z,itsjustswings`2020-12-22T11_36_07_000Z.png,0
jayci_yucca,2020-12-22T05_20_47_000Z,jayci_yucca`2020-12-22T05_20_47_000Z.png,0
jessicah_o,2020-12-22T00_23_10_000Z,jessicah_o`2020-12-22T00_23_10_000Z.png,0
jinook.wav,2020-12-22T03_31_31_000Z,jinook.wav`2020-12-22T03_31_31_000Z.png,0
jinook.wav,2020-12-22T08_09_04_000Z,jinook.wav`2020-12-22T08_09_04_000Z.png,0
jiwonstein,2020-12-21T14_55_09_000Z,jiwonstein`2020-12-21T14_55_09_000Z.png,0
jiwonstein,2020-12-21T14_57_49_000Z,jiwonstein`2020-12-21T14_57_49_000Z.png,1
jiwonstein,2020-12-21T15_14_02_000Z,jiwonstein`2020-12-21T15_14_02_000Z.png,0
jiwonstein,2020-12-21T15_14_23_000Z,jiwonstein`2020-12-21T15_14_23_000Z.png,0
jiwonstein,2020-12-22T02_41_35_000Z,jiwonstein`2020-12-22T02_41_35_000Z.png,0
jiwonstein,2020-12-22T02_42_17_000Z,jiwonstein`2020-12-22T02_42_17_000Z.png,1
jiwonstein,2020-12-22T02_44_13_000Z,jiwonstein`2020-12-22T02_44_13_000Z.png,0
jiwonstein,2020-12-22T02_44_55_000Z,jiwonstein`2020-12-22T02_44_55_000Z.png,1
jiwonstein,2020-12-22T02_53_00_000Z,jiwonstein`2020-12-22T02_53_00_000Z.png,0
jiwonstein,2020-12-22T02_58_35_000Z,jiwonstein`2020-12-22T02_58_35_000Z.png,5
jiwonstein,2020-12-22T02_59_27_000Z,jiwonstein`2020-12-22T02_59_27_000Z.png,2
jiwonstein,2020-12-22T03_14_18_000Z,jiwonstein`2020-12-22T03_14_18_000Z.png,1
jiwonstein,2020-12-22T13_13_33_000Z,jiwonstein`2020-12-22T13_13_33_000Z.png,0
jiwonstein,2020-12-22T13_15_54_000Z,jiwonstein`2020-12-22T13_15_54_000Z.png,0
jiwonstein,2020-12-22T13_16_56_000Z,jiwonstein`2020-12-22T13_16_56_000Z.png,0
jiwonstein,2020-12-22T13_19_02_000Z,jiwonstein`2020-12-22T13_19_02_000Z.png,0
jiwonstein,2020-12-22T13_41_46_000Z,jiwonstein`2020-12-22T13_41_46_000Z.png,0
jiwonstein,2020-12-22T13_46_20_000Z,jiwonstein`2020-12-22T13_46_20_000Z.png,0
jiwonstein,2020-12-22T13_47_38_000Z,jiwonstein`2020-12-22T13_47_38_000Z.png,0
jiwonstein,2020-12-22T13_49_21_000Z,jiwonstein`2020-12-22T13_49_21_000Z.png,0
jiwonstein,2020-12-22T13_51_42_000Z,jiwonstein`2020-12-22T13_51_42_000Z.png,0
jiwonstein,2020-12-22T13_53_27_000Z,jiwonstein`2020-12-22T13_53_27_000Z.png,0
jiwonstein,2020-12-22T13_55_08_000Z,jiwonstein`2020-12-22T13_55_08_000Z.png,0
jiwonstein,2020-12-22T13_56_47_000Z,jiwonstein`2020-12-22T13_56_47_000Z.png,0
jiwonstein,2020-12-22T13_57_57_000Z,jiwonstein`2020-12-22T13_57_57_000Z.png,0
jiwonstein,2020-12-22T14_01_44_000Z,jiwonstein`2020-12-22T14_01_44_000Z.png,0
jiwonstein,2020-12-22T14_02_25_000Z,jiwonstein`2020-12-22T14_02_25_000Z.png,0
jiwonstein,2020-12-22T14_02_26_000Z,jiwonstein`2020-12-22T14_02_26_000Z.png,0
jiwonstein,2020-12-22T14_03_02_000Z,jiwonstein`2020-12-22T14_03_02_000Z.png,0
jiwonstein,2020-12-22T14_04_33_000Z,jiwonstein`2020-12-22T14_04_33_000Z.png,0
jiwonstein,2020-12-22T14_06_36_000Z,jiwonstein`2020-12-22T14_06_36_000Z.png,0
jiwonstein,2020-12-22T14_07_30_000Z,jiwonstein`2020-12-22T14_07_30_000Z.png,0
jiwonstein,2020-12-22T14_08_19_000Z,jiwonstein`2020-12-22T14_08_19_000Z.png,0
jiwonstein,2020-12-22T14_21_39_000Z,jiwonstein`2020-12-22T14_21_39_000Z.png,0
jiwonstein,2020-12-22T14_22_26_000Z,jiwonstein`2020-12-22T14_22_26_000Z.png,0
jiwonstein,2020-12-22T14_34_04_000Z,jiwonstein`2020-12-22T14_34_04_000Z.png,0
jiwonstein,2020-12-22T14_34_43_000Z,jiwonstein`2020-12-22T14_34_43_000Z.png,0
jiwonstein,2020-12-22T14_35_36_000Z,jiwonstein`2020-12-22T14_35_36_000Z.png,0
jiwonstein,2020-12-22T14_37_08_000Z,jiwonstein`2020-12-22T14_37_08_000Z.png,0
jjwang_e,2020-12-21T19_38_22_000Z,jjwang_e`2020-12-21T19_38_22_000Z.png,0
jjwang_e,2020-12-22T09_17_59_000Z,jjwang_e`2020-12-22T09_17_59_000Z.png,0
jparkitrighthere,2020-12-22T09_22_40_000Z,jparkitrighthere`2020-12-22T09_22_40_000Z.png,0
jparkitrighthere,2020-12-22T10_26_22_000Z,jparkitrighthere`2020-12-22T10_26_22_000Z.png,0
jung_gisell,2020-12-22T04_42_53_000Z,jung_gisell`2020-12-22T04_42_53_000Z.png,0
kani_o3o,2020-12-22T04_39_33_000Z,kani_o3o`2020-12-22T04_39_33_000Z.png,0
kani_o3o,2020-12-22T09_05_36_000Z,kani_o3o`2020-12-22T09_05_36_000Z.png,0
kidcozyboy,2020-12-21T17_24_46_000Z,kidcozyboy`2020-12-21T17_24_46_000Z.png,0
kidcozyboy,2020-12-22T07_55_20_000Z,kidcozyboy`2020-12-22T07_55_20_000Z.png,0
kiff_vinxen,2020-12-22T10_01_17_000Z,kiff_vinxen`2020-12-22T10_01_17_000Z.png,0
kiff_yenjamin,2020-12-22T09_11_47_000Z,kiff_yenjamin`2020-12-22T09_11_47_000Z.png,0
kisy0729,2020-12-22T01_35_02_000Z,kisy0729`2020-12-22T01_35_02_000Z.png,0
kisy0729,2020-12-22T04_10_14_000Z,kisy0729`2020-12-22T04_10_14_000Z.png,0
kisy0729,2020-12-22T08_46_34_000Z,kisy0729`2020-12-22T08_46_34_000Z.png,0
kisy0729,2020-12-22T09_03_19_000Z,kisy0729`2020-12-22T09_03_19_000Z.png,0
kisy0729,2020-12-22T09_51_09_000Z,kisy0729`2020-12-22T09_51_09_000Z.png,0
kisy0729,2020-12-22T09_53_52_000Z,kisy0729`2020-12-22T09_53_52_000Z.png,0
kisy0729,2020-12-22T13_51_26_000Z,kisy0729`2020-12-22T13_51_26_000Z.png,0
kisy0729,2020-12-22T14_12_14_000Z,kisy0729`2020-12-22T14_12_14_000Z.png,0
knhs2,2020-12-22T10_38_41_000Z,knhs2`2020-12-22T10_38_41_000Z.png,0
knhs2,2020-12-22T14_03_16_000Z,knhs2`2020-12-22T14_03_16_000Z.png,0
krhiphoplover,2020-12-22T13_17_34_000Z,krhiphoplover`2020-12-22T13_17_34_000Z.png,0
layon_e,2020-12-22T08_33_01_000Z,layon_e`2020-12-22T08_33_01_000Z.png,0
layon_e,2020-12-22T10_44_07_000Z,layon_e`2020-12-22T10_44_07_000Z.png,0
layon_e,2020-12-22T10_46_23_000Z,layon_e`2020-12-22T10_46_23_000Z.png,0
layon_e,2020-12-22T13_31_04_000Z,layon_e`2020-12-22T13_31_04_000Z.png,0
layon_e,2020-12-22T13_57_38_000Z,layon_e`2020-12-22T13_57_38_000Z.png,0
layon_e,2020-12-22T14_20_00_000Z,layon_e`2020-12-22T14_20_00_000Z.png,0
leellamarz,2020-12-22T06_11_34_000Z,leellamarz`2020-12-22T06_11_34_000Z.png,0
leellamarz,2020-12-22T08_25_52_000Z,leellamarz`2020-12-22T08_25_52_000Z.png,0
leellamarz,2020-12-22T08_45_31_000Z,leellamarz`2020-12-22T08_45_31_000Z.png,5
lololo0728,2020-12-22T06_30_21_000Z,lololo0728`2020-12-22T06_30_21_000Z.png,0
lololo0728,2020-12-22T09_22_25_000Z,lololo0728`2020-12-22T09_22_25_000Z.png,0
me.ow_me.ow_,2020-12-22T08_13_55_000Z,me.ow_me.ow_`2020-12-22T08_13_55_000Z.png,0
me.ow_me.ow_,2020-12-22T10_58_31_000Z,me.ow_me.ow_`2020-12-22T10_58_31_000Z.png,0
me.ow_me.ow_,2020-12-22T11_34_05_000Z,me.ow_me.ow_`2020-12-22T11_34_05_000Z.png,0
me.ow_me.ow_,2020-12-22T13_51_07_000Z,me.ow_me.ow_`2020-12-22T13_51_07_000Z.png,0
mokyofuckyo,2020-12-21T14_58_57_000Z,mokyofuckyo`2020-12-21T14_58_57_000Z.png,2
mokyofuckyo,2020-12-21T16_20_31_000Z,mokyofuckyo`2020-12-21T16_20_31_000Z.png,2
mokyofuckyo,2020-12-22T02_30_37_000Z,mokyofuckyo`2020-12-22T02_30_37_000Z.png,1
mokyofuckyo,2020-12-22T04_22_28_000Z,mokyofuckyo`2020-12-22T04_22_28_000Z.png,0
mokyofuckyo,2020-12-22T04_24_59_000Z,mokyofuckyo`2020-12-22T04_24_59_000Z.png,1
mokyofuckyo,2020-12-22T07_01_37_000Z,mokyofuckyo`2020-12-22T07_01_37_000Z.png,1
mokyofuckyo,2020-12-22T07_01_50_000Z,mokyofuckyo`2020-12-22T07_01_50_000Z.png,1
mokyofuckyo,2020-12-22T07_01_58_000Z,mokyofuckyo`2020-12-22T07_01_58_000Z.png,0
mokyofuckyo,2020-12-22T07_09_43_000Z,mokyofuckyo`2020-12-22T07_09_43_000Z.png,0
mokyofuckyo,2020-12-22T07_48_57_000Z,mokyofuckyo`2020-12-22T07_48_57_000Z.png,0
mokyofuckyo,2020-12-22T11_29_32_000Z,mokyofuckyo`2020-12-22T11_29_32_000Z.png,1
mokyofuckyo,2020-12-22T12_45_49_000Z,mokyofuckyo`2020-12-22T12_45_49_000Z.png,0
mokyofuckyo,2020-12-22T13_15_55_000Z,mokyofuckyo`2020-12-22T13_15_55_000Z.png,1
mokyofuckyo,2020-12-22T13_16_00_000Z,mokyofuckyo`2020-12-22T13_16_00_000Z.png,6
monete.conte,2020-12-21T15_22_02_000Z,monete.conte`2020-12-21T15_22_02_000Z.png,0
monete.conte,2020-12-21T15_42_12_000Z,monete.conte`2020-12-21T15_42_12_000Z.png,0
monete.conte,2020-12-22T01_26_49_000Z,monete.conte`2020-12-22T01_26_49_000Z.png,0
monete.conte,2020-12-22T02_27_48_000Z,monete.conte`2020-12-22T02_27_48_000Z.png,0
monete.conte,2020-12-22T04_17_58_000Z,monete.conte`2020-12-22T04_17_58_000Z.png,0
monete.conte,2020-12-22T04_54_46_000Z,monete.conte`2020-12-22T04_54_46_000Z.png,0
monete.conte,2020-12-22T12_14_19_000Z,monete.conte`2020-12-22T12_14_19_000Z.png,0
monete.conte,2020-12-22T12_16_30_000Z,monete.conte`2020-12-22T12_16_30_000Z.png,0
monete.conte,2020-12-22T12_54_37_000Z,monete.conte`2020-12-22T12_54_37_000Z.png,0
monete.conte,2020-12-22T13_23_13_000Z,monete.conte`2020-12-22T13_23_13_000Z.png,0
monete.conte,2020-12-22T13_24_46_000Z,monete.conte`2020-12-22T13_24_46_000Z.png,0
monete.conte,2020-12-22T13_34_02_000Z,monete.conte`2020-12-22T13_34_02_000Z.png,0
monete.conte,2020-12-22T14_19_16_000Z,monete.conte`2020-12-22T14_19_16_000Z.png,0
monete.conte,2020-12-22T14_23_33_000Z,monete.conte`2020-12-22T14_23_33_000Z.png,0
moomalraeng._.2,2020-12-22T13_17_48_000Z,moomalraeng._.2`2020-12-22T13_17_48_000Z.png,0
munchinthepool,2020-12-22T10_23_51_000Z,munchinthepool`2020-12-22T10_23_51_000Z.png,0
munchinthepool,2020-12-22T14_25_21_000Z,munchinthepool`2020-12-22T14_25_21_000Z.png,0
mushvenom,2020-12-22T10_30_59_000Z,mushvenom`2020-12-22T10_30_59_000Z.png,0
mushvenom,2020-12-22T13_35_53_000Z,mushvenom`2020-12-22T13_35_53_000Z.png,0
mysteriegla,2020-12-22T07_36_02_000Z,mysteriegla`2020-12-22T07_36_02_000Z.png,0
mysteriegla,2020-12-22T07_56_19_000Z,mysteriegla`2020-12-22T07_56_19_000Z.png,0
mysteriegla,2020-12-22T08_53_43_000Z,mysteriegla`2020-12-22T08_53_43_000Z.png,0
namda0._.s2,2020-12-22T09_29_37_000Z,namda0._.s2`2020-12-22T09_29_37_000Z.png,0
namda0._.s2,2020-12-22T09_50_11_000Z,namda0._.s2`2020-12-22T09_50_11_000Z.png,0
namda0._.s2,2020-12-22T10_09_37_000Z,namda0._.s2`2020-12-22T10_09_37_000Z.png,0
namda0._.s2,2020-12-22T10_11_55_000Z,namda0._.s2`2020-12-22T10_11_55_000Z.png,0
namda0._.s2,2020-12-22T10_41_48_000Z,namda0._.s2`2020-12-22T10_41_48_000Z.png,0
namda0._.s2,2020-12-22T14_22_26_000Z,namda0._.s2`2020-12-22T14_22_26_000Z.png,0
namda0._.s2,2020-12-22T14_23_34_000Z,namda0._.s2`2020-12-22T14_23_34_000Z.png,0
naneunminji,2020-12-22T14_33_45_000Z,naneunminji`2020-12-22T14_33_45_000Z.png,0
naneunminji,2020-12-22T14_46_15_000Z,naneunminji`2020-12-22T14_46_15_000Z.png,0
nct,2020-12-22T10_04_07_000Z,nct`2020-12-22T10_04_07_000Z.png,0
nct,2020-12-22T10_04_08_000Z,nct`2020-12-22T10_04_08_000Z.png,0
nct,2020-12-22T10_05_24_000Z,nct`2020-12-22T10_05_24_000Z.png,0
nct,2020-12-22T10_05_25_000Z,nct`2020-12-22T10_05_25_000Z.png,0
nct,2020-12-22T14_25_08_000Z,nct`2020-12-22T14_25_08_000Z.png,0
nelchoppa,2020-12-21T19_09_05_000Z,nelchoppa`2020-12-21T19_09_05_000Z.png,0
nelchoppa,2020-12-21T21_52_39_000Z,nelchoppa`2020-12-21T21_52_39_000Z.png,0
nerdmim,2020-12-22T10_31_03_000Z,nerdmim`2020-12-22T10_31_03_000Z.png,0
nerdmim,2020-12-22T10_42_04_000Z,nerdmim`2020-12-22T10_42_04_000Z.png,0
nerdmim,2020-12-22T11_56_53_000Z,nerdmim`2020-12-22T11_56_53_000Z.png,0
nothermaturesgold,2020-12-22T06_38_20_000Z,nothermaturesgold`2020-12-22T06_38_20_000Z.png,0
nothermaturesgold,2020-12-22T06_41_09_000Z,nothermaturesgold`2020-12-22T06_41_09_000Z.png,0
nothermaturesgold,2020-12-22T06_44_01_000Z,nothermaturesgold`2020-12-22T06_44_01_000Z.png,0
nothermaturesgold,2020-12-22T06_50_31_000Z,nothermaturesgold`2020-12-22T06_50_31_000Z.png,0
nothermaturesgold,2020-12-22T07_56_16_000Z,nothermaturesgold`2020-12-22T07_56_16_000Z.png,0
o1o211,2020-12-21T17_58_50_000Z,o1o211`2020-12-21T17_58_50_000Z.png,0
o1o211,2020-12-22T02_15_47_000Z,o1o211`2020-12-22T02_15_47_000Z.png,0
o1o211,2020-12-22T12_09_10_000Z,o1o211`2020-12-22T12_09_10_000Z.png,0
o1o211,2020-12-22T12_21_26_000Z,o1o211`2020-12-22T12_21_26_000Z.png,0
o1o211,2020-12-22T14_18_30_000Z,o1o211`2020-12-22T14_18_30_000Z.png,0
odimx,2020-12-21T14_49_39_000Z,odimx`2020-12-21T14_49_39_000Z.png,0
odimx,2020-12-21T16_49_37_000Z,odimx`2020-12-21T16_49_37_000Z.png,0
odimx,2020-12-22T08_55_27_000Z,odimx`2020-12-22T08_55_27_000Z.png,0
oioee,2020-12-22T03_02_21_000Z,oioee`2020-12-22T03_02_21_000Z.png,0
oioee,2020-12-22T03_03_25_000Z,oioee`2020-12-22T03_03_25_000Z.png,0
oioee,2020-12-22T03_04_13_000Z,oioee`2020-12-22T03_04_13_000Z.png,0
oioee,2020-12-22T03_07_06_000Z,oioee`2020-12-22T03_07_06_000Z.png,0
oioee,2020-12-22T03_07_32_000Z,oioee`2020-12-22T03_07_32_000Z.png,0
oioee,2020-12-22T03_09_04_000Z,oioee`2020-12-22T03_09_04_000Z.png,0
oioee,2020-12-22T03_11_48_000Z,oioee`2020-12-22T03_11_48_000Z.png,0
oioee,2020-12-22T03_13_45_000Z,oioee`2020-12-22T03_13_45_000Z.png,0
oioee,2020-12-22T03_16_08_000Z,oioee`2020-12-22T03_16_08_000Z.png,0
oioee,2020-12-22T03_19_09_000Z,oioee`2020-12-22T03_19_09_000Z.png,0
oioee,2020-12-22T04_17_14_000Z,oioee`2020-12-22T04_17_14_000Z.png,0
oioee,2020-12-22T04_24_15_000Z,oioee`2020-12-22T04_24_15_000Z.png,0
oioee,2020-12-22T04_26_49_000Z,oioee`2020-12-22T04_26_49_000Z.png,0
oioee,2020-12-22T04_29_08_000Z,oioee`2020-12-22T04_29_08_000Z.png,0
oioee,2020-12-22T05_59_15_000Z,oioee`2020-12-22T05_59_15_000Z.png,0
oioee,2020-12-22T06_00_27_000Z,oioee`2020-12-22T06_00_27_000Z.png,0
oioee,2020-12-22T06_02_33_000Z,oioee`2020-12-22T06_02_33_000Z.png,0
oioee,2020-12-22T06_03_57_000Z,oioee`2020-12-22T06_03_57_000Z.png,0
oioee,2020-12-22T06_04_45_000Z,oioee`2020-12-22T06_04_45_000Z.png,0
oioee,2020-12-22T06_05_18_000Z,oioee`2020-12-22T06_05_18_000Z.png,0
oioee,2020-12-22T06_05_59_000Z,oioee`2020-12-22T06_05_59_000Z.png,0
oioee,2020-12-22T06_06_42_000Z,oioee`2020-12-22T06_06_42_000Z.png,0
oioee,2020-12-22T06_07_49_000Z,oioee`2020-12-22T06_07_49_000Z.png,0
originalgimchi,2020-12-22T09_21_57_000Z,originalgimchi`2020-12-22T09_21_57_000Z.png,0
ourdailybread.official,2020-12-22T13_03_17_000Z,ourdailybread.official`2020-12-22T13_03_17_000Z.png,0
ourdailybread.official,2020-12-22T13_26_51_000Z,ourdailybread.official`2020-12-22T13_26_51_000Z.png,0
o_junghwa,2020-12-22T07_10_29_000Z,o_junghwa`2020-12-22T07_10_29_000Z.png,0
o_o_____o,2020-12-21T17_39_53_000Z,o_o_____o`2020-12-21T17_39_53_000Z.png,0
o_o_____o,2020-12-21T17_47_21_000Z,o_o_____o`2020-12-21T17_47_21_000Z.png,0
o_o_____o,2020-12-21T19_27_14_000Z,o_o_____o`2020-12-21T19_27_14_000Z.png,1
o_o_____o,2020-12-22T08_13_50_000Z,o_o_____o`2020-12-22T08_13_50_000Z.png,0
o_o_____o,2020-12-22T09_07_48_000Z,o_o_____o`2020-12-22T09_07_48_000Z.png,0
o_o_____o,2020-12-22T09_08_16_000Z,o_o_____o`2020-12-22T09_08_16_000Z.png,0
o_o_____o,2020-12-22T11_56_09_000Z,o_o_____o`2020-12-22T11_56_09_000Z.png,0
o_o_____o,2020-12-22T12_59_54_000Z,o_o_____o`2020-12-22T12_59_54_000Z.png,0
o_o_____o,2020-12-22T13_17_44_000Z,o_o_____o`2020-12-22T13_17_44_000Z.png,0
o_o_____o,2020-12-22T14_08_17_000Z,o_o_____o`2020-12-22T14_08_17_000Z.png,0
o_sae,2020-12-22T02_36_53_000Z,o_sae`2020-12-22T02_36_53_000Z.png,0
o_sae,2020-12-22T02_37_54_000Z,o_sae`2020-12-22T02_37_54_000Z.png,0
o_yene,2020-12-22T10_18_47_000Z,o_yene`2020-12-22T10_18_47_000Z.png,0
o_yene,2020-12-22T12_14_01_000Z,o_yene`2020-12-22T12_14_01_000Z.png,0
o_yene,2020-12-22T12_16_45_000Z,o_yene`2020-12-22T12_16_45_000Z.png,0
o_yene,2020-12-22T12_18_10_000Z,o_yene`2020-12-22T12_18_10_000Z.png,0
o_yene,2020-12-22T13_20_41_000Z,o_yene`2020-12-22T13_20_41_000Z.png,0
o_yene,2020-12-22T14_29_43_000Z,o_yene`2020-12-22T14_29_43_000Z.png,0
paloaltongue,2020-12-21T16_48_42_000Z,paloaltongue`2020-12-21T16_48_42_000Z.png,1
paloaltongue,2020-12-21T17_32_45_000Z,paloaltongue`2020-12-21T17_32_45_000Z.png,0
paloaltongue,2020-12-22T06_29_31_000Z,paloaltongue`2020-12-22T06_29_31_000Z.png,0
paloaltongue,2020-12-22T06_42_54_000Z,paloaltongue`2020-12-22T06_42_54_000Z.png,0
paloaltongue,2020-12-22T13_09_21_000Z,paloaltongue`2020-12-22T13_09_21_000Z.png,0
paloaltongue,2020-12-22T13_33_37_000Z,paloaltongue`2020-12-22T13_33_37_000Z.png,0
paloaltongue,2020-12-22T13_44_13_000Z,paloaltongue`2020-12-22T13_44_13_000Z.png,0
paranseya,2020-12-22T14_39_20_000Z,paranseya`2020-12-22T14_39_20_000Z.png,0
ph1boyyy,2020-12-22T02_32_50_000Z,ph1boyyy`2020-12-22T02_32_50_000Z.png,6
ph1boyyy,2020-12-22T09_35_53_000Z,ph1boyyy`2020-12-22T09_35_53_000Z.png,0
ph1boyyy,2020-12-22T13_07_45_000Z,ph1boyyy`2020-12-22T13_07_45_000Z.png,0
real_quaddurup,2020-12-22T13_23_49_000Z,real_quaddurup`2020-12-22T13_23_49_000Z.png,0
ro.junghwa,2020-12-22T01_18_37_000Z,ro.junghwa`2020-12-22T01_18_37_000Z.png,0
ro.junghwa,2020-12-22T04_13_31_000Z,ro.junghwa`2020-12-22T04_13_31_000Z.png,0
ro.junghwa,2020-12-22T04_54_51_000Z,ro.junghwa`2020-12-22T04_54_51_000Z.png,0
ro.junghwa,2020-12-22T04_57_36_000Z,ro.junghwa`2020-12-22T04_57_36_000Z.png,0
ro.junghwa,2020-12-22T04_58_09_000Z,ro.junghwa`2020-12-22T04_58_09_000Z.png,0
ro.junghwa,2020-12-22T05_23_21_000Z,ro.junghwa`2020-12-22T05_23_21_000Z.png,0
ro.junghwa,2020-12-22T07_41_57_000Z,ro.junghwa`2020-12-22T07_41_57_000Z.png,0
ro.junghwa,2020-12-22T09_34_14_000Z,ro.junghwa`2020-12-22T09_34_14_000Z.png,0
ro.junghwa,2020-12-22T09_39_26_000Z,ro.junghwa`2020-12-22T09_39_26_000Z.png,0
ro.junghwa,2020-12-22T09_40_03_000Z,ro.junghwa`2020-12-22T09_40_03_000Z.png,0
ro.junghwa,2020-12-22T10_18_04_000Z,ro.junghwa`2020-12-22T10_18_04_000Z.png,0
ro.junghwa,2020-12-22T10_41_05_000Z,ro.junghwa`2020-12-22T10_41_05_000Z.png,0
ro.junghwa,2020-12-22T12_49_15_000Z,ro.junghwa`2020-12-22T12_49_15_000Z.png,0
rooftop_blase,2020-12-21T19_06_29_000Z,rooftop_blase`2020-12-21T19_06_29_000Z.png,0
roses_are_rosie,2020-12-22T13_52_45_000Z,roses_are_rosie`2020-12-22T13_52_45_000Z.png,0
seol_dh,2020-12-21T22_33_10_000Z,seol_dh`2020-12-21T22_33_10_000Z.png,0
seol_dh,2020-12-22T09_11_31_000Z,seol_dh`2020-12-22T09_11_31_000Z.png,0
seol_dh,2020-12-22T13_00_08_000Z,seol_dh`2020-12-22T13_00_08_000Z.png,0
sin__hj,2020-12-21T15_30_37_000Z,sin__hj`2020-12-21T15_30_37_000Z.png,0
sin__hj,2020-12-22T06_18_24_000Z,sin__hj`2020-12-22T06_18_24_000Z.png,0
sin__hj,2020-12-22T06_23_22_000Z,sin__hj`2020-12-22T06_23_22_000Z.png,0
sin__hj,2020-12-22T06_26_11_000Z,sin__hj`2020-12-22T06_26_11_000Z.png,0
sin__hj,2020-12-22T06_33_38_000Z,sin__hj`2020-12-22T06_33_38_000Z.png,0
sin__hj,2020-12-22T06_55_19_000Z,sin__hj`2020-12-22T06_55_19_000Z.png,0
sin__hj,2020-12-22T07_00_32_000Z,sin__hj`2020-12-22T07_00_32_000Z.png,0
sin__hj,2020-12-22T07_01_27_000Z,sin__hj`2020-12-22T07_01_27_000Z.png,0
sin__hj,2020-12-22T07_01_34_000Z,sin__hj`2020-12-22T07_01_34_000Z.png,0
sin__hj,2020-12-22T07_33_38_000Z,sin__hj`2020-12-22T07_33_38_000Z.png,0
sin__hj,2020-12-22T07_44_16_000Z,sin__hj`2020-12-22T07_44_16_000Z.png,0
sin__hj,2020-12-22T08_59_57_000Z,sin__hj`2020-12-22T08_59_57_000Z.png,0
sin__hj,2020-12-22T10_17_14_000Z,sin__hj`2020-12-22T10_17_14_000Z.png,0
sin__hj,2020-12-22T10_26_52_000Z,sin__hj`2020-12-22T10_26_52_000Z.png,0
sin__hj,2020-12-22T13_31_48_000Z,sin__hj`2020-12-22T13_31_48_000Z.png,0
sin__hj,2020-12-22T13_40_09_000Z,sin__hj`2020-12-22T13_40_09_000Z.png,0
skinnybrownn,2020-12-22T03_40_39_000Z,skinnybrownn`2020-12-22T03_40_39_000Z.png,1
skinnybrownn,2020-12-22T04_47_12_000Z,skinnybrownn`2020-12-22T04_47_12_000Z.png,0
skyminhyuk,2020-12-22T01_30_04_000Z,skyminhyuk`2020-12-22T01_30_04_000Z.png,0
skyminhyuk,2020-12-22T04_36_00_000Z,skyminhyuk`2020-12-22T04_36_00_000Z.png,0
skyminhyuk,2020-12-22T05_44_44_000Z,skyminhyuk`2020-12-22T05_44_44_000Z.png,0
skyminhyuk,2020-12-22T10_06_23_000Z,skyminhyuk`2020-12-22T10_06_23_000Z.png,0
skyminhyuk,2020-12-22T10_11_44_000Z,skyminhyuk`2020-12-22T10_11_44_000Z.png,0
skyminhyuk,2020-12-22T10_30_14_000Z,skyminhyuk`2020-12-22T10_30_14_000Z.png,0
skyminhyuk,2020-12-22T10_35_00_000Z,skyminhyuk`2020-12-22T10_35_00_000Z.png,0
skyminhyuk,2020-12-22T10_43_47_000Z,skyminhyuk`2020-12-22T10_43_47_000Z.png,0
skyminhyuk,2020-12-22T10_47_30_000Z,skyminhyuk`2020-12-22T10_47_30_000Z.png,0
skyminhyuk,2020-12-22T11_33_18_000Z,skyminhyuk`2020-12-22T11_33_18_000Z.png,0
skyminhyuk,2020-12-22T11_34_08_000Z,skyminhyuk`2020-12-22T11_34_08_000Z.png,0
skyminhyuk,2020-12-22T11_34_09_000Z,skyminhyuk`2020-12-22T11_34_09_000Z.png,0
skyminhyuk,2020-12-22T11_34_10_000Z,skyminhyuk`2020-12-22T11_34_10_000Z.png,0
skyminhyuk,2020-12-22T11_38_12_000Z,skyminhyuk`2020-12-22T11_38_12_000Z.png,0
skyminhyuk,2020-12-22T11_38_13_000Z,skyminhyuk`2020-12-22T11_38_13_000Z.png,0
skyminhyuk,2020-12-22T11_38_14_000Z,skyminhyuk`2020-12-22T11_38_14_000Z.png,0
skyminhyuk,2020-12-22T12_47_22_000Z,skyminhyuk`2020-12-22T12_47_22_000Z.png,0
skyminhyuk,2020-12-22T12_49_15_000Z,skyminhyuk`2020-12-22T12_49_15_000Z.png,0
skyminhyuk,2020-12-22T12_55_39_000Z,skyminhyuk`2020-12-22T12_55_39_000Z.png,0
skyminhyuk,2020-12-22T12_55_40_000Z,skyminhyuk`2020-12-22T12_55_40_000Z.png,0
skyminhyuk,2020-12-22T13_03_27_000Z,skyminhyuk`2020-12-22T13_03_27_000Z.png,0
skyminhyuk,2020-12-22T13_52_14_000Z,skyminhyuk`2020-12-22T13_52_14_000Z.png,0
skyminhyuk,2020-12-22T14_14_52_000Z,skyminhyuk`2020-12-22T14_14_52_000Z.png,0
skyminhyuk,2020-12-22T14_17_34_000Z,skyminhyuk`2020-12-22T14_17_34_000Z.png,0
smokinghotvirgin,2020-12-22T06_53_44_000Z,smokinghotvirgin`2020-12-22T06_53_44_000Z.png,0
smokinghotvirgin,2020-12-22T09_44_01_000Z,smokinghotvirgin`2020-12-22T09_44_01_000Z.png,0
smokinghotvirgin,2020-12-22T10_30_06_000Z,smokinghotvirgin`2020-12-22T10_30_06_000Z.png,0
smokinghotvirgin,2020-12-22T11_08_05_000Z,smokinghotvirgin`2020-12-22T11_08_05_000Z.png,0
smokinghotvirgin,2020-12-22T11_58_43_000Z,smokinghotvirgin`2020-12-22T11_58_43_000Z.png,0
som1ove,2020-12-22T13_53_12_000Z,som1ove`2020-12-22T13_53_12_000Z.png,0
sso_ix,2020-12-22T06_05_01_000Z,sso_ix`2020-12-22T06_05_01_000Z.png,0
sullendin,2020-12-22T03_42_35_000Z,sullendin`2020-12-22T03_42_35_000Z.png,0
sullendin,2020-12-22T12_52_46_000Z,sullendin`2020-12-22T12_52_46_000Z.png,0
suminzz,2020-12-22T10_23_27_000Z,suminzz`2020-12-22T10_23_27_000Z.png,0
suminzz,2020-12-22T14_13_17_000Z,suminzz`2020-12-22T14_13_17_000Z.png,0
summersq202,2020-12-22T10_13_50_000Z,summersq202`2020-12-22T10_13_50_000Z.png,0
sungjun_1971,2020-12-21T15_50_58_000Z,sungjun_1971`2020-12-21T15_50_58_000Z.png,0
sungjun_1971,2020-12-21T16_34_31_000Z,sungjun_1971`2020-12-21T16_34_31_000Z.png,0
sungjun_1971,2020-12-22T06_57_41_000Z,sungjun_1971`2020-12-22T06_57_41_000Z.png,0
supnnni,2020-12-22T00_33_02_000Z,supnnni`2020-12-22T00_33_02_000Z.png,0
supnnni,2020-12-22T00_33_53_000Z,supnnni`2020-12-22T00_33_53_000Z.png,0
suvinci_,2020-12-21T15_54_33_000Z,suvinci_`2020-12-21T15_54_33_000Z.png,0
suvinci_,2020-12-21T17_19_43_000Z,suvinci_`2020-12-21T17_19_43_000Z.png,0
suvinci_,2020-12-21T21_25_07_000Z,suvinci_`2020-12-21T21_25_07_000Z.png,0
suvinci_,2020-12-22T03_57_26_000Z,suvinci_`2020-12-22T03_57_26_000Z.png,0
su_.xy,2020-12-22T03_24_55_000Z,su_.xy`2020-12-22T03_24_55_000Z.png,0
su_.xy,2020-12-22T07_13_31_000Z,su_.xy`2020-12-22T07_13_31_000Z.png,0
su_.xy,2020-12-22T07_28_49_000Z,su_.xy`2020-12-22T07_28_49_000Z.png,0
su_.xy,2020-12-22T07_33_03_000Z,su_.xy`2020-12-22T07_33_03_000Z.png,0
taeri__taeri,2020-12-22T10_06_19_000Z,taeri__taeri`2020-12-22T10_06_19_000Z.png,0
thelifeisonlyonce,2020-12-22T03_55_08_000Z,thelifeisonlyonce`2020-12-22T03_55_08_000Z.png,0
thelifeisonlyonce,2020-12-22T07_36_31_000Z,thelifeisonlyonce`2020-12-22T07_36_31_000Z.png,0
thelifeisonlyonce,2020-12-22T07_39_45_000Z,thelifeisonlyonce`2020-12-22T07_39_45_000Z.png,0
thelifeisonlyonce,2020-12-22T07_56_59_000Z,thelifeisonlyonce`2020-12-22T07_56_59_000Z.png,0
thelifeisonlyonce,2020-12-22T08_00_25_000Z,thelifeisonlyonce`2020-12-22T08_00_25_000Z.png,0
thelifeisonlyonce,2020-12-22T08_01_23_000Z,thelifeisonlyonce`2020-12-22T08_01_23_000Z.png,0
thelifeisonlyonce,2020-12-22T08_02_16_000Z,thelifeisonlyonce`2020-12-22T08_02_16_000Z.png,0
thelifeisonlyonce,2020-12-22T08_03_14_000Z,thelifeisonlyonce`2020-12-22T08_03_14_000Z.png,0
thelifeisonlyonce,2020-12-22T08_06_46_000Z,thelifeisonlyonce`2020-12-22T08_06_46_000Z.png,0
thelifeisonlyonce,2020-12-22T08_09_17_000Z,thelifeisonlyonce`2020-12-22T08_09_17_000Z.png,0
thelifeisonlyonce,2020-12-22T09_57_24_000Z,thelifeisonlyonce`2020-12-22T09_57_24_000Z.png,0
thelifeisonlyonce,2020-12-22T11_39_22_000Z,thelifeisonlyonce`2020-12-22T11_39_22_000Z.png,0
thelifeisonlyonce,2020-12-22T12_31_12_000Z,thelifeisonlyonce`2020-12-22T12_31_12_000Z.png,0
thelifeisonlyonce,2020-12-22T13_47_56_000Z,thelifeisonlyonce`2020-12-22T13_47_56_000Z.png,0
thelifeisonlyonce,2020-12-22T14_03_51_000Z,thelifeisonlyonce`2020-12-22T14_03_51_000Z.png,0
thequiett,2020-12-22T06_21_48_000Z,thequiett`2020-12-22T06_21_48_000Z.png,0
thisisjusthis,2020-12-22T09_40_52_000Z,thisisjusthis`2020-12-22T09_40_52_000Z.png,0
thisisjusthis,2020-12-22T13_33_58_000Z,thisisjusthis`2020-12-22T13_33_58_000Z.png,0
thisisjusthis,2020-12-22T14_01_10_000Z,thisisjusthis`2020-12-22T14_01_10_000Z.png,0
thuggerthugger1,2020-12-21T21_10_31_000Z,thuggerthugger1`2020-12-21T21_10_31_000Z.png,0
thuggerthugger1,2020-12-21T21_44_00_000Z,thuggerthugger1`2020-12-21T21_44_00_000Z.png,0
thuggerthugger1,2020-12-21T22_36_23_000Z,thuggerthugger1`2020-12-21T22_36_23_000Z.png,0
thuggerthugger1,2020-12-21T22_58_47_000Z,thuggerthugger1`2020-12-21T22_58_47_000Z.png,0
toil1204,2020-12-22T11_35_27_000Z,toil1204`2020-12-22T11_35_27_000Z.png,5
toil1204,2020-12-22T13_28_06_000Z,toil1204`2020-12-22T13_28_06_000Z.png,0
tommystrate_,2020-12-21T21_06_04_000Z,tommystrate_`2020-12-21T21_06_04_000Z.png,0
tommystrate_,2020-12-22T13_51_09_000Z,tommystrate_`2020-12-22T13_51_09_000Z.png,0
u.b1n,2020-12-22T06_24_56_000Z,u.b1n`2020-12-22T06_24_56_000Z.png,0
u.b1n,2020-12-22T09_42_55_000Z,u.b1n`2020-12-22T09_42_55_000Z.png,0
u.b1n,2020-12-22T11_20_21_000Z,u.b1n`2020-12-22T11_20_21_000Z.png,0
u.b1n,2020-12-22T13_07_11_000Z,u.b1n`2020-12-22T13_07_11_000Z.png,0
uneducatedkid,2020-12-22T09_01_05_000Z,uneducatedkid`2020-12-22T09_01_05_000Z.png,0
untellimclick,2020-12-21T15_31_18_000Z,untellimclick`2020-12-21T15_31_18_000Z.png,0
untellimclick,2020-12-21T19_54_25_000Z,untellimclick`2020-12-21T19_54_25_000Z.png,0
untellimclick,2020-12-22T02_50_30_000Z,untellimclick`2020-12-22T02_50_30_000Z.png,0
untellimclick,2020-12-22T06_15_21_000Z,untellimclick`2020-12-22T06_15_21_000Z.png,0
wavykhakii,2020-12-22T02_32_10_000Z,wavykhakii`2020-12-22T02_32_10_000Z.png,0
wavykhakii,2020-12-22T06_42_14_000Z,wavykhakii`2020-12-22T06_42_14_000Z.png,0
wavykhakii,2020-12-22T11_33_18_000Z,wavykhakii`2020-12-22T11_33_18_000Z.png,0
wavykhakii,2020-12-22T12_04_50_000Z,wavykhakii`2020-12-22T12_04_50_000Z.png,0
wavykhakii,2020-12-22T14_25_39_000Z,wavykhakii`2020-12-22T14_25_39_000Z.png,0
way_ched,2020-12-22T08_00_41_000Z,way_ched`2020-12-22T08_00_41_000Z.png,5
wejustmusic,2020-12-22T08_11_18_000Z,wejustmusic`2020-12-22T08_11_18_000Z.png,0
wejustmusic,2020-12-22T09_14_11_000Z,wejustmusic`2020-12-22T09_14_11_000Z.png,0
wejustmusic,2020-12-22T11_12_12_000Z,wejustmusic`2020-12-22T11_12_12_000Z.png,0
wejustmusic,2020-12-22T12_00_27_000Z,wejustmusic`2020-12-22T12_00_27_000Z.png,0
wejustmusic,2020-12-22T12_48_09_000Z,wejustmusic`2020-12-22T12_48_09_000Z.png,0
wejustmusic,2020-12-22T14_11_47_000Z,wejustmusic`2020-12-22T14_11_47_000Z.png,0
whereistrade,2020-12-22T09_04_52_000Z,whereistrade`2020-12-22T09_04_52_000Z.png,1
woogie_park,2020-12-22T08_08_08_000Z,woogie_park`2020-12-22T08_08_08_000Z.png,0
woogie_park,2020-12-22T08_46_50_000Z,woogie_park`2020-12-22T08_46_50_000Z.png,0
woogie_park,2020-12-22T08_56_46_000Z,woogie_park`2020-12-22T08_56_46_000Z.png,0
woogie_park,2020-12-22T09_29_41_000Z,woogie_park`2020-12-22T09_29_41_000Z.png,0
xoosxo,2020-12-22T14_08_43_000Z,xoosxo`2020-12-22T14_08_43_000Z.png,0
xxixuuu,2020-12-21T15_30_40_000Z,xxixuuu`2020-12-21T15_30_40_000Z.png,0
xxixuuu,2020-12-22T14_27_36_000Z,xxixuuu`2020-12-22T14_27_36_000Z.png,0
xxixuuu,2020-12-22T14_31_27_000Z,xxixuuu`2020-12-22T14_31_27_000Z.png,0
xxixuuu,2020-12-22T14_33_41_000Z,xxixuuu`2020-12-22T14_33_41_000Z.png,0
xxixuuu,2020-12-22T14_36_07_000Z,xxixuuu`2020-12-22T14_36_07_000Z.png,0
yanghongwon,2020-12-22T10_33_25_000Z,yanghongwon`2020-12-22T10_33_25_000Z.png,0
yekooooong,2020-12-21T18_16_46_000Z,yekooooong`2020-12-21T18_16_46_000Z.png,0
yekooooong,2020-12-21T18_21_15_000Z,yekooooong`2020-12-21T18_21_15_000Z.png,0
yekooooong,2020-12-22T00_36_04_000Z,yekooooong`2020-12-22T00_36_04_000Z.png,0
yekooooong,2020-12-22T00_59_24_000Z,yekooooong`2020-12-22T00_59_24_000Z.png,0
yekooooong,2020-12-22T01_02_00_000Z,yekooooong`2020-12-22T01_02_00_000Z.png,0
yekooooong,2020-12-22T07_37_32_000Z,yekooooong`2020-12-22T07_37_32_000Z.png,0
yekooooong,2020-12-22T08_32_54_000Z,yekooooong`2020-12-22T08_32_54_000Z.png,0
yekooooong,2020-12-22T08_33_01_000Z,yekooooong`2020-12-22T08_33_01_000Z.png,0
yesmynamerosy,2020-12-21T19_07_35_000Z,yesmynamerosy`2020-12-21T19_07_35_000Z.png,0
yfgod,2020-12-21T16_03_51_000Z,yfgod`2020-12-21T16_03_51_000Z.png,1
yfgod,2020-12-22T09_57_22_000Z,yfgod`2020-12-22T09_57_22_000Z.png,0
yfgod,2020-12-22T10_48_27_000Z,yfgod`2020-12-22T10_48_27_000Z.png,0
yfgod,2020-12-22T13_59_33_000Z,yfgod`2020-12-22T13_59_33_000Z.png,0
yngandrichrecords,2020-12-22T09_02_26_000Z,yngandrichrecords`2020-12-22T09_02_26_000Z.png,0
yohanheaven,2020-12-22T13_02_55_000Z,yohanheaven`2020-12-22T13_02_55_000Z.png,0
yohanheaven,2020-12-22T13_03_31_000Z,yohanheaven`2020-12-22T13_03_31_000Z.png,0
youngji_02,2020-12-21T15_43_07_000Z,youngji_02`2020-12-21T15_43_07_000Z.png,0
youngji_02,2020-12-22T05_21_25_000Z,youngji_02`2020-12-22T05_21_25_000Z.png,0
youngji_02,2020-12-22T05_59_49_000Z,youngji_02`2020-12-22T05_59_49_000Z.png,0
youngji_02,2020-12-22T11_56_35_000Z,youngji_02`2020-12-22T11_56_35_000Z.png,0
youngji_02,2020-12-22T12_03_07_000Z,youngji_02`2020-12-22T12_03_07_000Z.png,0
yumdda,2020-12-22T08_49_19_000Z,yumdda`2020-12-22T08_49_19_000Z.png,0
yumdda,2020-12-22T09_21_32_000Z,yumdda`2020-12-22T09_21_32_000Z.png,0
yunbnotlilb,2020-12-22T03_18_50_000Z,yunbnotlilb`2020-12-22T03_18_50_000Z.png,0
yunbnotlilb,2020-12-22T03_18_51_000Z,yunbnotlilb`2020-12-22T03_18_51_000Z.png,0
yunbnotlilb,2020-12-22T03_18_52_000Z,yunbnotlilb`2020-12-22T03_18_52_000Z.png,0
yunbnotlilb,2020-12-22T04_55_37_000Z,yunbnotlilb`2020-12-22T04_55_37_000Z.png,0
yuuhyemin,2020-12-22T06_32_04_000Z,yuuhyemin`2020-12-22T06_32_04_000Z.png,0
yuuhyemin,2020-12-22T07_09_06_000Z,yuuhyemin`2020-12-22T07_09_06_000Z.png,0
zenethezilla,2020-12-22T05_22_18_000Z,zenethezilla`2020-12-22T05_22_18_000Z.png,2
zenethezilla,2020-12-22T07_03_41_000Z,zenethezilla`2020-12-22T07_03_41_000Z.png,0
zenethezilla,2020-12-22T11_03_35_000Z,zenethezilla`2020-12-22T11_03_35_000Z.png,2
zenethezilla,2020-12-22T11_13_16_000Z,zenethezilla`2020-12-22T11_13_16_000Z.png,2
zenethezilla,2020-12-22T11_20_41_000Z,zenethezilla`2020-12-22T11_20_41_000Z.png,0
_ghyun__,2020-12-22T03_58_06_000Z,_ghyun__`2020-12-22T03_58_06_000Z.png,0
_ghyun__,2020-12-22T04_13_03_000Z,_ghyun__`2020-12-22T04_13_03_000Z.png,0
_ghyun__,2020-12-22T06_40_24_000Z,_ghyun__`2020-12-22T06_40_24_000Z.png,5
_ghyun__,2020-12-22T08_43_51_000Z,_ghyun__`2020-12-22T08_43_51_000Z.png,0
_ghyun__,2020-12-22T09_59_09_000Z,_ghyun__`2020-12-22T09_59_09_000Z.png,0
_ghyun__,2020-12-22T10_30_29_000Z,_ghyun__`2020-12-22T10_30_29_000Z.png,0
_ghyun__,2020-12-22T12_37_46_000Z,_ghyun__`2020-12-22T12_37_46_000Z.png,0
_imyour_joy,2020-12-22T11_15_40_000Z,_imyour_joy`2020-12-22T11_15_40_000Z.png,0
_imyour_joy,2020-12-22T11_15_41_000Z,_imyour_joy`2020-12-22T11_15_41_000Z.png,0
_mariahwasa,2020-12-22T11_07_14_000Z,_mariahwasa`2020-12-22T11_07_14_000Z.png,1
_seong_hee,2020-12-22T14_37_23_000Z,_seong_hee`2020-12-22T14_37_23_000Z.png,0
_sosovely_,2020-12-22T05_36_13_000Z,_sosovely_`2020-12-22T05_36_13_000Z.png,0
_sosovely_,2020-12-22T08_38_11_000Z,_sosovely_`2020-12-22T08_38_11_000Z.png,0
_s_bb_,2020-12-22T07_41_10_000Z,_s_bb_`2020-12-22T07_41_10_000Z.png,0
_s_bb_,2020-12-22T09_33_45_000Z,_s_bb_`2020-12-22T09_33_45_000Z.png,0
_s_bb_,2020-12-22T09_34_01_000Z,_s_bb_`2020-12-22T09_34_01_000Z.png,0
_s_bb_,2020-12-22T10_41_10_000Z,_s_bb_`2020-12-22T10_41_10_000Z.png,0
_s_bb_,2020-12-22T14_34_49_000Z,_s_bb_`2020-12-22T14_34_49_000Z.png,0
_s_hj,2020-12-22T04_48_44_000Z,_s_hj`2020-12-22T04_48_44_000Z.png,0
_s_hj,2020-12-22T07_37_16_000Z,_s_hj`2020-12-22T07_37_16_000Z.png,0
_s_hj,2020-12-22T11_32_25_000Z,_s_hj`2020-12-22T11_32_25_000Z.png,0
_s_hj,2020-12-22T11_38_04_000Z,_s_hj`2020-12-22T11_38_04_000Z.png,0
_s_hj,2020-12-22T14_28_59_000Z,_s_hj`2020-12-22T14_28_59_000Z.png,0
_s_yj_,2020-12-22T13_59_10_000Z,_s_yj_`2020-12-22T13_59_10_000Z.png,0
___solvely___,2020-12-22T00_37_27_000Z,___solvely___`2020-12-22T00_37_27_000Z.png,0
___solvely___,2020-12-22T09_08_33_000Z,___solvely___`2020-12-22T09_08_33_000Z.png,0
